{"cameraMode":{"drawMode":0,"name":"Shaded","section":"Shading Mode"},"sceneLighting":true,"audioPlay":false,"sceneViewState":{"m_AlwaysRefresh":false,"showFog":true,"showSkybox":true,"showFlares":true,"showImageEffects":true,"showParticleSystems":true,"showVisualEffectGraphs":true,"m_FxEnabled":true},"in2DMode":false,"pivot":{"x":0.3599853515625,"y":1.1300048828125,"z":-1.3899999856948853},"rotation":{"x":0.013808535411953926,"y":0.0059941671788692478,"z":-0.00012056166451657191,"w":0.9999238848686218},"size":7.631502628326416,"orthographic":false}